note_key,published_date,page_view,impression,like,comment,title
n607bc93b9b4d,2025-11-03,25,713,4,0,"【Amazon スマイルセール】10,000円以下で購入できる割引率の高いAnker人気製品10選"
n80da6db7d660,2025-11-04,69,1075,5,0,"在宅ワークを効率化するデスク周辺アイテム６選"
nc1cd80a430dd,2025-11-05,123,729,4,0,"長時間デスクワークの味方！姿勢改善エルゴノミクス製品６選"
n840a57865bd2,2025-11-06,149,602,3,0,"リモート会議の質を上げるオンラインミーティングデバイス６選"
n58d3eab634f1,2025-11-08,316,4507,9,0,"出先作業が快適になるモバイルガジェット６選"
nd364de02063d,2025-11-09,186,1672,4,0,"集中力を高める作業環境向上アイテム６選"
n0911323ecf90,2025-11-10,117,1001,4,0,"ワークカフェで活躍するノイズ対策ガジェット７選"
na75d5fdae736,2025-11-11,140,2518,12,0,"自宅をスマートオフィス化するIoTガジェット７選"
nfa4fb065d86d,2025-11-12,230,5004,3,0,"家でも職場でも使えるワイヤレスイヤホン６選"
n8a5a939b3315,2025-11-13,156,2173,6,0,"ハイブリッドワークに最適な持ち運びPCスタンド７選"
n0bdd7492bf2c,2025-11-14,137,2370,6,0,"小型スピーカーで作業BGMを楽しむアイテム５選"
n29b07d2ffaae,2025-11-15,853,2075,6,0,"静音性の高いマウス・トラックボール７選"
n9b7fa16f76dd,2025-11-16,217,2152,2,0,"高音質で集中できるノイズキャンセリングヘッドホン６選"
n3d0673a1adf1,2025-11-17,494,3033,4,0,"デュアルディスプレイ化を実現するモバイルモニター７選"
n01bb58cad8af,2025-11-18,378,3105,11,0,"電源周りをスッキリさせる配線整理ガジェット７選"
ncd25d7bebee6,2025-11-19,50,1413,5,0,"ポート不足を解消！外出先で役立つUSBハブ７選"
nfa2fc91a922c,2025-11-20,651,2121,6,0,"スマホ撮影をプロ級に！必携カメラガジェット６選"
neb5562f3816d,2025-11-21,144,1299,3,0,"仕事も勉強もはかどる！目に優しいデスクライトおすすめ６選"
n4039f5a4c107,2025-11-22,1183,1031,9,0,"作業がサクサク進む！生産性を高めるタイマー６選"
n4c47882df254,2025-11-23,286,2593,6,0,"ケーブル1本で環境激変！多機能ドッキングステーション７選"
nb6ed0e0bf29c,2025-11-24,281,2807,9,0,"手元で操作が完結するスマートコントローラー７選"
nfe351b5ce31e,2025-11-25,114,1182,3,0,"姿勢が変われば仕事も変わる！長時間デスクワーク向けPCチェア７選"
n80470ca9d650,2025-11-26,111,1857,8,0,"動画編集が爆速化！作業効率を劇的に上げる「高性能周辺機器」6選"
n09f8a9638f4c,2025-11-27,524,2383,3,0,"デスクを格上げする！おしゃれで高性能なプレミアムキーボード7選"
n02a0933b1682,2025-11-28,149,542,2,0,"ぐっすり眠れる！睡眠の質を劇的に上げるナイトガジェット6選"
n492d7d982fc9,2025-11-29,254,2703,6,0,"声を美しく届ける！配信者必見の高音質マイク6選"
na7e50ffe9c87,2025-11-30,887,817,5,0,"集中時間を記録・可視化！作業管理ガジェット6選"
n3b664f6f2ed0,2025-12-01,926,10499,7,0,"Apple Watchだけじゃない！コスパ最強スマートウォッチ8選"
n89aa72e8c1a9,2025-12-02,209,2830,7,0,"机上スペースを有効活用する収納ガジェット7選"
n86fe0412d499,2025-12-03,815,1492,3,0,"会議を自動で議事録化！AI文字起こし・要約ガジェット5選"
nb23baa105066,2025-12-04,726,5790,7,0,"自宅カフェを格上げ！おすすめコーヒーメーカー7選"
na502c7949079,2025-12-05,307,3883,13,0,"在宅勤務の運動不足対策！デスク周りで使える機器7選"
n0a394f61a831,2025-12-06,684,7879,14,0,"リモートワークの生産性爆上げ！左手デバイス・マクロパッド6選"
na43fe60f0bdf,2025-12-07,61,1683,6,0,"キャンプ・車中泊・災害対策に！軽量ポータブル電源７選"
nfbed37a12475,2025-12-08,271,6478,11,0,"Apple Watchより快適？睡眠・健康管理にも最適なスマートリング6選"
n4312169e1561,2025-12-09,51,921,2,0,"床掃除から解放される！おすすめ掃除ロボット７選"
n8d3d96a340df,2025-12-10,124,805,2,0,"配線ごちゃごちゃを解消！PC周りがスッキリするケーブルホルダー7選"
n8fb1deaccb04,2025-12-11,64,1423,3,0,"寒い冬を乗り切る！デスク周りで使える暖房ガジェット8選"
na6fba02e701b,2025-12-12,661,681,4,0,"デスクワークの疲れを即解消！手軽に使えるマッサージガジェット9選"
n07d47f9b1bb4,2025-12-13,323,1869,2,0,"コスパ最強！5万円以下で買える27インチデスクワーク向けモニター9選"
n2cd36d5527d0,2025-12-14,1924,2263,5,0,"会議も講義も高音質で記録！おすすめボイスレコーダー6選"
n83dbd826c169,2025-12-15,13515,7417,20,0,"一生モノの打鍵感！所有欲を満たす高級キーボード6選"
ndeb694e5a2d0,2025-12-16,227,4628,8,0,"年末年始の暇つぶしに！動画視聴が快適なタブレット6選"
n98a2ac503805,2025-12-17,144,1555,4,0,"デスクの配線地獄を解消！おすすめケーブルボックス7選"
n8d4fe98e4da5,2025-12-18,2257,1209,5,0,"乾燥するオフィスの救世主！高機能卓上加湿器8選"
n11dc147688d8,2025-12-19,119,1011,6,0,"在宅ワーカー必見！キーボード掃除が捗るハンディクリーナー6選"
na73fb23a366a,2025-12-20,595,3616,4,0,"PC内部もキーボードも一掃！強力電動エアダスター6選"
n70148c91452e,2025-12-21,210,3009,3,0,"帰省ラッシュも快適！最強ノイズキャンセリングイヤホン7選"
n36a359ec4575,2025-12-22,769,1539,4,0,"書類の山を一掃！デスクで使える高速スキャナー6選"
ncc4fd96369e6,2025-12-23,150,2876,3,0,"部屋が一瞬で映画館！4K対応プロジェクター6選"
n020912585b8b,2025-12-24,433,1399,3,0,"手持ち不要！帰省の移動で使えるMagSafe対応スマホホルダー7選"
n7f1c1b50526e,2025-12-25,337,3675,9,0,"思い出を即プリント！スマホ対応フォトプリンター6選"
n8d3912be5ca5,2025-12-26,134,956,2,0,"足元ポカポカ！デスク下で使えるパネルヒーター6選"
n92099012cc8b,2025-12-27,69,1216,8,0,"年始から本気出す！毎日の測定が習慣になるスマート体重計6選"
nb87d690a3203,2025-12-28,119,2209,6,0,"大掃除後に導入したい！整理収納が捗る大容量ガジェットポーチ7選"
n2eed7ec98208,2025-12-29,2431,1306,9,0,"寝正月を極める！ベッドで使えるタブレットアーム＆スタンド6選"
n75e588f51780,2025-12-30,63,1102,3,0,"1年間のデータを安全に！大容量外付けハードディスク6選"
nd3a3855908b0,2025-12-31,52,1962,3,0,"災害への備えを見直す！最強の大容量ポータブル電源6選"
ne2a0436fe543,2026-01-01,392,1125,4,1,"2026年最新！持ち運び最強な100W超小型急速充電器6選"
n66b0abcb8871,2026-01-02,330,3964,5,0,"iPadを最強の「デジタル手帳」へ。機能性と操作性を高める実用アクセサリ 6選"
n0366023e567c,2026-01-03,169,1879,4,0,"仕事始めを最速に！生産性を変える「効率化キーボード」7選"
n1be8eaa049ef,2026-01-04,137,1264,4,0,"座りっぱなしを解消。集中力を高める「足元フィットネス」7選"
n16c63123a251,2026-01-05,216,2083,9,0,"仕事始めを正しい姿勢で。猫背を防ぐ「姿勢矯正ツール」 6選"
nc28666c59523,2026-01-06,147,1060,8,0,"1年の疲れを癒す…高級マッサージガン＆リカバリーケア 6選"
nf375e8f6045e,2026-01-07,84,3200,11,0,"リモート会議の印象アップ！高画質Webカメラ＆照明セット 6選"
n851e0e5edf24,2026-01-08,48,1096,7,0,"確定申告も怖くない！領収書・経費管理スマート化ツール6選"
n79e8f815e2aa,2026-01-09,1061,709,6,0,"AIで時短！面倒な作業を丸投げできる最新ガジェット6選"
n47f76a097007,2026-01-10,159,1429,5,0,"受験生も社会人も！集中力を極限まで高める没入ガジェット6選"
n2b38fdce7d1a,2026-01-11,522,837,6,0,"朝の目覚めを快適に。光で起こす「スマート家電」6選"
n3746e5330ef1,2026-01-12,275,2059,7,0,"手首の疲れをゼロに。デスクワークを救う「リストレスト」 6選"
nef39fdb3f9d0,2026-01-13,3279,4421,12,0,"デスクの配線を一新。Ankerの「最強充電ステーション」 6選"
n02741a15d820,2026-01-14,2891,6558,13,0,"手書きをデジタルへ。紙を超えた「最新電子ペーパー」 6選"
n70e5e1c17268,2026-01-15,675,896,3,0,"スマホ疲れをリセット。デジタルデトックスの「専用箱」 5選"
na2a3f7f5ff31,2026-01-16,114,1421,10,0,"冷たい手をケアする。冬のキーボード作業を快適にする「デスクヒーター」6選"
na78aca8ae13e,2026-01-17,300,4198,12,0,"電子書籍を徹底比較。読書を快適にする「専用リーダー」 6 選"
ncadee101d4f1,2026-01-18,537,4455,7,0,"作業時間を半減。クリエイターのための「左手デバイス」 6 選"
nfc07d82c086e,2026-01-19,2975,1103,7,0,"睡眠の質を可視化。自分に最適な眠りを作る「最新機器」 7 選"
n01c3a09d36da,2026-01-20,108,1253,3,0,"風邪対策に空気を可視化。「スマート CO2 モニター」 6 選"
nda10363fcf93,2026-01-21,9363,3366,26,0,"荷物を最小限に。ミニマリストのための「多機能ツール」 5 選"
nc19c8348d8ba,2026-01-22,82,1586,7,0,"出先でも安心。ノマドワーカーの「セキュリティギア」 6 選"
nfe7a1373d9ca,2026-01-23,99,821,3,0,"自宅を映画館に。天井投影もできる「小型プロジェクター」 7選"
n50cdea91254b,2026-01-24,298,1462,4,0,"議事録は AI に任せる。最新「ボイスレコーダー」活用術 10 選"
n246438f1e0fb,2026-01-25,157,363,4,0,"目をいたわる休息。疲れを癒す「最新アイケア家電」10 選"
nc5181c159585,2026-01-26,304,4150,7,0,"Elgato だけじゃない！動画編集を快適にする「左手デバイス」10 選"
n1a182925dc7d,2026-01-27,277,180,3,0,"スマホを除菌。見えない汚れを落とす「スマホ除菌ボックス」 5 選"
nc9e9689ff8ac,2026-01-28,190,1490,4,0,"【Anker徹底比較】コスパ最強「Soundcore」オーディオ10選"
nc495316898af,2026-01-29,671,3605,3,0,"レコードをデジタル化。趣味を深める「最新オーディオ」 5 選"
n2de99ad1012b,2026-01-30,41,777,1,0,"暖房費を節約。冬でも暖かい「電熱ベスト・ウェアラブル」 6 選"
n26508f336d8e,2026-01-31,89,1134,3,0,"仕事と生活をアップデートする「厳選ガジェット」10選"
ne5abb7f667cf,2026-02-01,82,1473,5,0,"AR で模様替え。理想の配置をシミュレートする「計測ツール」 6 選"
n9c1d564864c1,2026-02-02,361,3893,6,0,"美しさは、軽さ。無駄を削ぎ落とした「ミニマリストのガジェット」 8 選"
nd4302663a549,2026-02-03,151,2063,6,0,"首こりを解消。自宅デスクを快適にする「PC スタンド」 7 選"
n1a4e8f9fb5b3,2026-02-04,254,1711,3,0,"出先でトリプル画面。生産性を高める「モバイルモニター」 6 選"
nc3fb4d7168ee,2026-02-05,117,2642,2,0,"【Anker MagGo】MagSafe 充電アクセのおすすめ 10 選"
n2075bed661a7,2026-02-06,308,1838,5,0,"【CIO徹底比較】薄くて速い！人気モバイルバッテリー9選"
nb82c39f56d4b,2026-02-07,230,668,3,0,"花粉襲来！デスクに置けるパーソナル空気清浄機 6 選"
n97dc0451d545,2026-02-08,619,1631,8,0,"スマートロックで鍵を持たない生活！賃貸でも OK なモデル７選"
n8da963a17cf2,2026-02-09,98,718,3,0,"コートやスーツのケアに！ハンディ衣類スチーマー６選"
n9b27e8dd0302,2026-02-10,21,526,5,0,"バレンタインに欲しい！ガジェット好きが喜ぶ「黒い」小物６選"
n7b8221e33ca9,2026-02-11,165,1445,6,0,"集中を守る。デスクワークに最適な「ノイズキャンセリングヘッドホン」 6 選"
ne282ee09e464,2026-02-12,262,2181,3,0,"自宅のネットを爆速化。Wi-Fi７対応「最新ルーター」 ６選"
n3a9b1117d511,2026-02-13,62,2129,3,0,"PC の引越しを高速化。データ移行に便利な「外付け SSD」 ５選"
nb13763e9a90b,2026-02-14,33,352,3,0,"冬の乾燥から守る。リップ＆ハンドケアできる「美容ガジェット」 ４選"
n4719d935a04f,2026-02-15,144,2863,3,0,"狭い部屋を広く使う。デスクが整う「モニターアーム」 ６選"
nfe87df930043,2026-02-16,139,2369,4,0,"テレビを捨ててプロジェクター生活！シーリングライト一体型など 6 選"
n106fe0a6041f,2026-02-17,149,1214,3,0,"新社会人に贈る！ビジネスで使えるスマートウォッチ選び７選"
n4bf567a661e9,2026-02-18,170,848,4,0,"声だけで家電操作！おすすめスマートリモコン６選"
ndd361fecfc9b,2026-02-19,267,4367,7,0,"iPadをMac化する！キーボード・ハブ６選"
na391668820d4,2026-02-20,22,703,4,0,"オフィスの乾燥対策！USB給電の加湿器・ミスト６選"
nfd2e3619802b,2026-02-21,616,310,2,0,"猫背を振動で通知。姿勢を正す「最新ウェアラブル」 ４選"
n68325ed28e88,2026-02-22,161,591,4,0,"デスクに癒やしを。大人もハマる「最新ロボットペット」 ５選"
nb5ea37b1b7d7,2026-02-23,45,572,2,0,"確定申告の必需品。カード対応「ICカードリーダー」 ５選"
nf45d369fab7b,2026-02-24,190,2045,3,0,"ポーチ不要の収納力。仕分けが楽なビジネスリュック６選"
n8b5fd86228d5,2026-02-25,307,849,2,0,"新生活の防犯。工事不要で使える「スマートドアベル」6選"
ned1140d1584f,2026-02-26,131,3453,10,0,"デスクの色を統一。理想の「モノトーンガジェット」特集８選"
n406455b03457,2026-02-27,225,1601,4,0,"旅行の思い出を即出力。スマホ対応「フォトプリンター」 ５選"
n9a8806f0d090,2026-02-28,85,741,3,0,"最後まで温かい。適温を保つカップウォーマー５選"
ncba311fd8318,2026-03-01,1970,643,5,0,"アナログに見えて実は高性能。大人の「ハイブリッド時計」６選"
n44e97dcef0c3,2026-03-02,42,505,4,0,"花粉症対策を徹底。空気清浄機から「進化系グッズ」まで7選"
n0711f1c0be36,2026-03-03,46,995,4,0,"ホワイトデーのギフト。女性が喜ぶ「スマートウォッチ・ウェアラブル」 6 選"
n47c279e5852e,2026-03-04,264,1055,4,0,"朝の目覚めを確実に。強力振動と光で起こす「目覚まし」6 選"
n1b375234f012,2026-03-05,147,1919,4,0,"予算内でデスク整理。コスパ抜群「UGREEN」おすすめ 8 選"
n82a99a50d3b9,2026-03-06,154,2825,3,0,"Wi-Fi の死角をなくす。家中つながる「メッシュ Wi-Fi」 6 選"
n2421d4c00a10,2026-03-07,33,371,3,1,"布団から出たくない冬に。スマホで操る「IoT 暖房ガジェット」 5 選"
nf5c16bd025d3,2026-03-08,122,2117,2,0,"電動昇降デスクのススメ。座りすぎを防ぐ「健康デスク」 ６選"
ndbce63cf191b,2026-03-09,289,1601,7,0,"デスクマットで激変。機能とおしゃれを両立する「一枚」 7 選"
n6fa7c511dc34,2026-03-10,172,529,1,0,"災害時にスマホを守る。ソーラーと手回し充電器 6 選"
nf7e60730ac7b,2026-03-11,63,1068,1,0,"1 人暮らしの掃除を楽に。ロボット掃除機と「ハンディ」 7選"
nb054be77f8bb,2026-03-12,173,753,1,0,"狭いキッチンでも置ける。スマホ連携「小型食洗機」 6 選"
n33813b406e1a,2026-03-13,41,1001,4,0,"部屋干しの悩みを解決。衣類乾燥と「サーキュレーター」 6 選"
nb01a031c7fc6,2026-03-14,984,3675,6,0,"iPad で本格イラスト。おすすめ「ペンとペーパーライク」 6選"
n7b80d5f46f65,2026-03-15,280,1474,6,0,"資格勉強を効率化。暗記を助ける「最新学習ガジェット」 6 選"
nda66ac1cf8d1,2026-03-16,98,2536,2,0,"忘れ物を完全防止。AirTag 対応「便利な探し物ツール」 6 選"
naf1fb27e54fb,2026-03-17,131,805,5,0,"お風呂を癒やし空間に。防水スピーカーと「スマホケース」 6 選"
n68f7c15cebc3,2026-03-18,800,2821,8,0,"寝る前の読書を快適に。目に優しい「電子書籍リーダー」 6 選"
naa9f95caf671,2026-03-19,22,236,2,0,"睡眠負債を返済。心地よい入眠を誘う「快眠デバイス」 5 選"
n9d9a83cb3dfd,2026-03-20,87,664,2,0,"春キャンプの準備。夜を彩る「ライトとポータブル電源」 7 選"
nbeb4ab125d5e,2026-03-21,308,752,1,0,"スマホの容量不足を解消。写真を「自動保存」するツール 6 選"
n1489488224e5,2026-03-22,70,1161,2,0,"ケーブルをなくす。CIO「SMARTCOBY」シリーズ特集 6 選"
n42719a398585,2026-03-23,47,600,3,0,"節約をスマートに。保温・保冷ができる「IT お弁当箱」 6 選"
nea8a60b9b284,2026-03-24,186,1780,6,0,"座ったまま運動。在宅ワーク中の「ステッパー・バイク」 6 選"
n8b4685360eb8,2026-03-25,133,2080,3,0,"AI 議事録の決定版。Zoom 連携から「単体機」まで 7 選"
n60e828d3a55b,2026-03-26,151,1331,5,0,"書類をスマホで管理。名刺もデジタル化する「スキャナー」 5 選"
n611885aadcad,2026-03-27,223,913,2,0,"デスクを高く使う。ノート PC の「縦置きスタンド」 6 選"
n6793410e5e03,2026-03-28,25,579,3,0,"食材管理をスマートに。保存・見える化に役立つキッチンガジェット 5 選"
nb457c1f625ed,2026-03-29,20,320,3,0,"部屋の空気をきれいに。新生活のための「脱臭・清浄機」 6 選"
n19ec0b7edb21,2026-03-30,169,457,1,0,"月末のタスクを加速。集中時間を作る「ポモドーロタイマー」 6 選"
na5d94f63cdf9,2026-03-31,54,1298,3,0,"3 月のベストバイ。新生活を彩る「買ってよかったギア」 8 選"
na302c043d750,2026-04-01,145,666,2,0,"入社祝いに贈る。一生モノの「スマートペン・デジタル文具」 7 選"
n8491abe1ce39,2026-04-02,220,541,6,0,"メモを即デジタル化。OCR と録音に対応する「スキャンペン・ペン型レコーダー」 6 選"
n72675b366d7d,2026-04-03,234,384,1,0,"【SwitchBot 徹底比較】家のスイッチを自動化する人気商品 10 選"
n4e0dfb24c40b,2026-04-04,71,964,3,0,"【ロジクール徹底比較】MX シリーズ人気ガジェット 10 選"
n3d83ccce7e3e,2026-04-05,493,296,3,0,"海外会議も怖くない。リアルタイムで話せる「AI 翻訳機」 6 選"
n3c59fec7b45d,2026-04-06,362,947,1,0,"アナログ手帳をクラウドへ。手書きを共有する「スマートペン・デジタルノート」 6 選"
n74ad937a9dc1,2026-04-07,14,633,1,0,"防災の備えに。キャンプでも役立つ「小型ポータブル電源」 6 選"
n07974d0c1e08,2026-04-08,303,1204,4,0,"アイデアをすぐ見える化。共有にも使いやすい「電子メモパッド・デジタルノート」 5 選"
ne4d3969c6fa4,2026-04-09,179,169,1,0,"家電の消し忘れを防止。電源をスマホで操る「スマートプラグ」 7 選"
n89557cf3476b,2026-04-10,72,545,3,0,"充電ケーブルを廃止。MagSafe で整う「ワイヤレスデスク」 7 選"
necf19d36c622,2026-04-11,50,155,1,0,"庭やベランダで仕事。アウトドアで使える「ワークライト」 5 選"
nad45fb42dc52,2026-04-12,44,663,3,0,"電気代を節約。人感センサーやアプリで賢く照らす「スマート照明」 6 選"
n078cff4a1332,2026-04-13,87,1905,5,1,"大切なペットを見守る。会話もできる「ネットワークカメラ」 7 選"
n3ae2b17e6adb,2026-04-14,91,728,1,0,"【Anker Eufy】ロボット掃除機の人気モデル徹底比較 10 選"
n4c411f2eaa5d,2026-04-15,80,333,3,0,"集中力を維持。眠気を防ぐ「二酸化炭素モニター」 6 選"
n3f3977cb8d22,2026-04-16,129,1043,4,0,"ビデオ会議を鮮明に。顔を自動追尾する「AI カメラ」 6 選"
n48428c64a7f6,2026-04-17,68,755,6,0,"デスクの配線を隠す。床をスッキリさせる「整理ボックス」 7 選"
n0b6c9a4af119,2026-04-18,438,1659,9,0,"GW 旅行を快適に。機内で役立つ「ノイキャンヘッドホン」 6 選"
n3b8f2068f470,2026-04-19,240,338,4,0,"集中と休憩を管理。作業リズムを作る「物理タイマー」 6 選"
ne453e41c12ad,2026-04-20,58,975,1,0,"鍵のストレスをゼロに。指紋で開く「最新スマートロック」 6 選"
na550b03346d5,2026-04-21,784,1002,3,0,"ガジェットを飾る収納。デスク横に置く「有孔ボード」 7 選"
n70b5782e5d05,2026-04-22,121,382,4,0,"節電を可視化。消費電力をリアルタイムで知る「モニター」 5 選"
nc4672d3f5b25,2026-04-23,129,364,1,0,"プレゼンを成功させる。多機能な「レーザーポインター」 6 選"
n8d03aae390f1,2026-04-24,115,1460,2,0,"出張をスマートに。ガジェット収納に最適な「多機能バックパック」 6 選"
n1eac2ee482e3,2026-04-25,55,1115,2,0,"大事な機材を守る。盗難を防ぐ「最新 GPS トラッカー」 6 選"
n08f1e8a7c62a,2026-04-26,56,189,1,0,"朝の時短をサポート。時計や温度を映す「ミラークロック」 5 選"
nb99adca17a30,2026-04-27,71,478,4,0,"旅行前に揃えたい。世界で使える「翻訳機・充電器」 7 選"
n16282c67f2b0,2026-04-28,45,249,3,0,"壁を傷つけず DIY。レーザー水平器など「スマート DIY ガジェット」 5 選"
n4363a9958121,2026-04-29,126,4106,6,0,"Apple Watch を便利に。毎日を変える「神アクセサリ」 7 選"
n8ec31350484a,2026-04-30,131,4248,12,0,"4 月のベストバイ。買ってよかった「春のガジェット」 8 選"
n7f1c150b45d6,2026-05-01,147,232,1,0,"五月病を打破。朝を快適にする「最新光目覚まし」 6 選"
n95b909ee69bc,2026-05-02,38,440,1,0,"連休明けの掃除はお任せ。AI マッピング搭載「ロボット掃除機」 7 選"
n5ae5865b8f47,2026-05-03,132,1714,4,0,"ポーチの中身を公開。ケーブルから充電器まで厳選 7 選"
nc480156e775c,2026-05-04,280,618,4,0,"自律神経を整える。ストレスを計測する「最新デバイス」 5 選"
nce6b28b57a0c,2026-05-05,965,664,2,0,"夏の準備を快適に。AI やスマホで操る「サーキュレーター」 6 選"
nb9e12cf1a0c6,2026-05-06,92,568,2,0,"自分だけの秘密基地。デスクを彩る「モニターライト」 6 選"
n45dc45cca971,2026-05-07,53,791,4,0,"どこでも仕事。ワーケーションに必須の「モバイルセット」 5 選"
nb30a03176cbb,2026-05-08,57,528,3,0,"部屋の不快な匂いを消す。高機能「脱臭機・アロマ」 6 選"
nb727d58b3370,2026-05-09,144,4588,11,0,"スマートホームの基本。アレクサ対応おすすめガジェット 7 選"
na50b340920e5,2026-05-10,119,385,2,0,"車内を快適オフィスに。移動を支える「車載テーブル」 7 選"
n90af83391966,2026-05-11,47,948,3,0,"夏の節電対策。エアコン効率を上げる「サーキュレーター」 6 選"
n70643deaa83d,2026-05-12,81,327,1,0,"置き配の不安を解消。スマホで見守る「最新ドアベル」 7 選"
n6fd26a0ab301,2026-05-13,327,395,5,0,"デスクをおしゃれに。ニキシー管風の「デジタル時計」 6 選"
n0a2a0090f703,2026-05-14,65,477,1,0,"アイスコーヒーを自宅で。スマホ連携から全自動まで「コーヒーメーカー」 6 選"
n352dbe76b00e,2026-05-15,41,256,2,0,"集中力を香りで整える。多機能な「アロマディフューザー」 6 選"
nb6fc70762f8b,2026-05-16,98,475,5,0,"帰宅前に部屋を涼しく。外出先から操る「スマートリモコン」 7 選"
n8cedcf36e6d8,2026-05-17,133,355,2,0,"梅雨の湿気を吹き飛ばす。小型「除湿機と靴乾燥機」 6 選"
nba6dbf72fc78,2026-05-18,81,291,2,0,"猫背・巻き肩をケア。姿勢を整える「姿勢サポーター」 6 選"
n4ef6d4366e65,2026-05-19,189,361,2,0,"忙しい朝を時短。温度管理できる「スマートヘアドライヤー」 6 選"
n6ac167e0c79e,2026-05-20,348,469,2,0,"1 人暮らしの防犯。窓の開閉で通知する「安心センサー」 7 選"
n67bcd9edc469,2026-05-21,595,602,6,0,"スマホを物理的に封印。デジタルデトックスの「専用箱」 5 選"
n917c1a771ff8,2026-05-22,104,709,4,0,"蒸し暑い夜を快適に。快眠を支える「冷感・快眠寝具」 6 選"
n1ffbde3cf8b6,2026-05-23,857,921,2,0,"手書きメモをデジタル化。紙とペンで使える「スマートノート」 6 選"
na39b548cdf66,2026-05-24,29,663,4,0,"狭い部屋でも置ける。1 人暮らしを助ける「小型家電」 5 選"
nbc1ec552ac2f,2026-05-25,190,1099,3,0,"仕事の合間に運動。省スペースな「ステッパー・ミニバイク」 7 選"
n6bb8fe0f4ed6,2026-05-26,81,990,3,0,"Google vs Alexa。自分に合う「スマートスピーカー・ディスプレイ」 6 選"
nb56841d4aeaf,2026-05-27,408,2287,9,0,"ガジェット収納を自作。おすすめ家庭用「3D プリンター」5 選"
n963edfef8c07,2026-05-28,14,1196,2,0,"【Amazonスマイルセール】充電器・PC周辺機器・梅雨対策家電の狙い目 10 選"
n31e80512500d,2026-05-28,187,3267,9,0,"柔らかくて使いやすい。CIO の「シリコンケーブル」特集 6 選"
n6559d03d3b54,2026-05-29,48,689,3,0,"夜の作業を快適に。目に優しい「調光・調色ライト」 6 選"
n2897203969c1,2026-05-30,114,1558,2,0,"夏の思い出を記録。最新「アクションカメラ」徹底比較 6 選"
n751f22c1c46d,2026-05-31,14,446,1,0,"5月の振り返り。改めて気になった「最新ガジェット」 8選"
n247021d1e7de,2026-06-01,82,206,1,0,"部屋干しを快適に。梅雨に負けない「衣類乾燥・除湿機」 7 選"
nf3ca6edb643a,2026-06-02,22,523,1,0,"湿気から髪を守る。スマート温度調整「ヘアアイロン・カールアイロン」 6 選"
nc54f88debcde,2026-06-03,75,261,1,0,"布団をふかふかに。ジメジメを解消する「スマート除湿機」 6 選"
n490e82bd5ad5,2026-06-04,55,955,3,0,"雨の日は在宅ワーク。集中力を高める「デスク環境ガジェット」 6 選"
nd385ea34a02e,2026-06-05,86,226,1,0,"低気圧頭痛をケア。心身を癒す「リラックスガジェット」 6 選"
n46c91aeff52d,2026-06-06,260,599,2,0,"静寂の中で仕事。最強の「ノイズキャンセリング」 6 選"
n50efd5c71fdf,2026-06-07,5,567,1,0,"夏休みの海外準備。翻訳機と SIM、変換プラグ 6 選"
n5fc5895da192,2026-06-08,306,3278,4,0,"ボーナスで一生モノを。憧れの「高級キーボード」 6 選"
na7d232ccec19,2026-06-09,207,1880,3,0,"作業環境をアップグレード。4K「ウルトラワイドモニター」 7 選"
nb27811a4b358,2026-06-10,30,406,1,0,"腰の負担をゼロに。ボーナスで狙う「高級チェア」 5 選"
n2370a0440ea8,2026-06-11,357,769,2,0,"雨の日の Vlog。防水性能に優れた「ジンバルとカメラ」 6 選"
nc1f5c2ff7165,2026-06-12,45,1070,2,0,"配信者デビュー。マイクとライトの「スターターセット」 6 選"
n8b2c73ed8f7d,2026-06-13,145,1962,4,0,"iPhone で映画を撮る。MagSafe 対応「撮影リグ」 6 選"
ne815e4ca30ae,2026-06-14,63,1088,5,0,"ビデオ会議で好印象。肌を綺麗に見せる「女優ライト」 5 選"
n8cee7e8d3717,2026-06-15,126,377,1,0,"AI で自分を追尾。動画撮影を楽にする「回転スタンド」 5 選"
n52d2708230bf,2026-06-16,315,3003,5,0,"BGM を最高級に。部屋がホールになる「最新スピーカー」 6 選"
n02efd2bdb4b3,2026-06-17,222,1760,3,0,"編集作業を爆速化。左手で操る「編集コントローラー」 6 選"
nacb9878c2dde,2026-06-18,119,644,3,0,"画質で差をつける。4K 対応の「ハイエンド Web カメラ」 6 選"
n676a47afaace,2026-06-19,1710,1358,4,0,"最高の音質で聴く。ハイレゾ対応「ヘッドホンアンプ」 5 選"
nc60f655c413b,2026-06-20,1269,810,4,0,"下半期の目標を立てる。振り返りに役立つ「管理ツール」 6 選"
n7804f7a4b765,2026-06-21,163,649,2,0,"自宅をスタジオに。防音パネルと「最新マイクアーム」 6 選"
nce409c61ed07,2026-06-22,187,639,2,0,"会議も音楽もこれ一台。マルチポイント対応「イヤホン」 6 選"
n4992e2b12d9f,2026-06-23,710,889,2,0,"360 度どこでもいい音。高解像「ポータブルスピーカー」 6 選"
n2239d6d8e0ce,2026-06-24,88,2394,3,0,"議事録を AI で自動化。PLAUD NOTE など最新ツール 6 選"
n87ed7ac2b70b,2026-06-25,145,338,1,0,"自然音で集中. 焚き火や川の音を再現する「癒やしマシン」 5 選"
na16f31732af0,2026-06-26,239,4171,7,0,"スマホ三脚の決定版。MagSafe で使える軽量モデル 6 選"
nac6e23f3c311,2026-06-27,17,256,1,0,"旅行中も電池切れなし。長時間再生の「タフイヤホン」 6 選"
ne6d076bdd8f2,2026-06-28,182,496,2,0,"ポッドキャストを始める。高音質「ダイナミックマイク」 6 選"
n25ddce57423a,2026-06-29,685,2845,2,0,"耳を塞がない快適さ。骨伝導＆「オープンイヤー」最新版 7 選"
nafc898aec1f1,2026-06-30,2672,2657,5,0,"上半期ベストバイ。2026 年「買ってよかったもの」 10 選"
ncd485fe1085c,2026-07-01,155,3467,1,0,"ネッククーラーで猛暑対策。首元を冷やす「最新ファン」 7 選"
nfe7b9e0ec542,2026-07-02,46,1203,2,0,"PC の熱暴走を防ぐ。夏に必須の「ノート PC クーラー」 6 選"
nffabc756fedf,2026-07-03,144,410,1,0,"汗や雨に強い。防水性能に優れた「完全ワイヤレス」 6 選"
n37101a8ee187,2026-07-04,78,561,1,0,"車内の温度上昇を抑える。猛暑に効く「車載クーラー・ファン」 5 選"
nedcf6bc36d79,2026-07-05,31,430,1,0,"夏の思い出を映画風に。スマホ操作を支える「ジンバル」 6 選"
n798464f23938,2026-07-06,53,905,1,0,"風切り音をカット。動画の音質を上げる「外部マイク」 5 選"
n9a1b55b5b97d,2026-07-07,35,594,1,0,"旅先からライブ配信。高速「モバイルルーター」セット 6 選"
n4f4928ddf89a,2026-07-08,95,259,2,0,"4K 動画を撮りまくる。高耐久・大容量「microSD カード」 7 選"
n0d99ac436524,2026-07-08,22,553,2,0,"【Amazonプライムデー】期間中に狙いたいお得ガジェット 20 選"
n103f1e90a6cb,2026-07-09,56,256,1,0,"夏フェスで耳を守る。音質を損なわない「ライブ用耳栓」 5 選"
n2094f738ce49,2026-07-10,62,775,1,0,"デスクの暑さを和らげる。卓上で使える「コンパクトファン」 7 選"
n07e31ceb59cf,2026-07-11,58,190,2,0,"旅の写真を即保存。SD リーダーと「超高速 SSD」 6 選"
nf777f8aa4698,2026-07-12,36,626,2,0,"長距離移動を快適に。機内で役立つ「タブレットアクセサリ」 6 選"
n42c61862b347,2026-07-13,18,345,1,0,"大事なデータを暗号化。情報漏洩を防ぐ「USB メモリ・SSD ケース」 4 選"
na27d30386983,2026-07-14,32,681,4,0,"夏休みの自由研究に。子供の学びを支える「プログラミング・知育機器」 7 選"
n2baadeeeaae3,2026-07-15,54,446,2,0,"パスワードを卒業。高度なセキュリティを実現する「セキュリティキー」 5 選"
n9ef623edc202,2026-07-16,29,881,1,0,"旅先で写真共有。自分専用の「パーソナルクラウド」 5 選"
ne865430e7a82,2026-07-17,27,328,1,0,"旅行の相談を AI に。音声入力に強い「AI デバイス」 5 選"
n174d9e2de97f,2026-07-18,214,507,3,0,"ホテルや出先の Wi-Fi を中継。持ち運べる「トラベルルーター」 6 選"
n8c0758ae7495,2026-07-19,310,388,3,0,"家族の予定を共有。壁掛け対応の「スマートディスプレイ」 5 選"
n723c897dcc56,2026-07-20,55,1163,2,0,"生成 AI を使いこなす。文章・画像作成に適した「AI PC」 7 選"
n9828b3c1fce7,2026-07-21,112,264,2,0,"ビーチでも仕事。屋外に持ち出せる「タフネスタブレット」 5 選"
nb80afbefbde6,2026-07-22,5,268,1,0,"キャンプ最強セット。防水「スピーカーとバッテリー」 6 選"
n8999b9760fbf,2026-07-23,25,258,1,0,"旅日記を声で書く。高精度な「音声入力マイク」 6 選"
necd7c9a22e36,2026-07-24,24,271,2,0,"旅行中の家を守る。スマホで確認できる「スマートカメラ」 7 選"
naa8f89132514,2026-07-25,25,185,1,0,"ルーティンを全自動化。IFTTT 対応の「スマート連携」 6 選"
n32d65218a32e,2026-07-26,50,403,2,0,"クリエイター必見。作業を加速させる「ダイヤルデバイス」 7 選"
n7e1e4462e17c,2026-07-27,42,386,1,0,"海外旅行の会話を攻略。最新の「AI 翻訳イヤホン」 5 選"
n908400128067,2026-07-28,34,394,1,0,"太陽光でフル充電。折りたたみ「ソーラーパネル」 6 選"
nc125188da84d,2026-07-29,29,319,2,0,"公園でワーク。膝上テーブルと「軽量アウトドアチェア」 6 選"
n79c09162d4ff,2026-07-30,38,386,2,0,"夜を彩る。LED ランタンと「スマート間接照明」 6 選"
n8e55412fae84,2026-07-31,31,317,2,0,"７月のベストバイ。買ってよかった「夏のガジェット」 8 選"
nb203e2481d3f,2026-08-01,31,337,1,0,"実家のご両親へ。安心を贈る「見守り・簡単ガジェット」 7 選"
n48c68d1c4394,2026-08-02,26,495,2,0,"エアコンなしで涼しく。工事不要で使える「ポータブルクーラー」 6 選"
n3eb14657a622,2026-08-03,21,521,2,0,"写真を AI で補正。夏の思い出を美しくする「編集ソフト」 6 選"
ne003ba0a8415,2026-08-04,67,376,1,0,"Vlog 制作を AI で時短。動画編集を楽にする「ツール」 6 選"
nc0fec2ebdbb6,2026-08-05,93,587,1,0,"プールでスマホを使う。最強クラスの「防水ポーチ」 6 選"
n0423f5875a0f,2026-08-06,12,176,1,0,"帰省の騒音をカット。最強の「ノイキャンヘッドホン」 6 選"
n2144b2f16b51,2026-08-07,49,350,2,0,"文章作成を AI で。読書感想文も捗る「執筆サポート」 6 選"
nfd1627f637a1,2026-08-08,8,155,1,0,"カフェ作業の必需品。覗き見を防ぐ「プライバシー幕」 5 選"
ne0c134563e5c,2026-08-09,60,229,1,0,"AI を身につける。日常生活を助ける「ウェアラブル」 6 選"
nc8ed3beb4597,2026-08-10,94,406,3,0,"旅行から出張まで。ガジェットに強い「バックパック」 7 選"
nb0542ff7488e,2026-08-11,27,158,1,0,"車内を快適に。後部座席で使える「タブレットホルダー」 6 選"
na82122e0c47a,2026-08-12,21,353,2,0,"デジタルノマドの装備。ポーチの中身「2026 夏」 7 選"
n4da86e778fc0,2026-08-13,9,437,5,0,"MacBook をおしゃれに。理想の「保護ケース・スキン」 6 選"
n18d31e66fa87,2026-08-14,36,488,8,0,"ゲリラ豪雨を予測。気圧センサー付き「高機能時計」 5 選"
n98cc4bf2a8e5,2026-08-15,13,361,10,0,"停電への備えを。ソーラーランタンと「予備電源」 6 選"
nc9196add7608,2026-08-16,17,236,3,0,"汚れも水洗い OK。防水「スピーカーとキーボード」 6 選"
n592341b51298,2026-08-17,38,184,3,0,"キャンプで家電を使う。大容量「ポータブル電源」 6 選"
n236dd21b2c06,2026-08-18,36,436,2,0,"夏の眠りを快適に。睡眠を計測する「スマートリング」 6 選"
n570f8883263b,2026-08-19,368,581,5,0,"登山をシネマティックに。軽量「カメラアクセサリー」 6 選"
na410c6265587,2026-08-20,22,453,2,0,"GoPro を使い倒す。マウントと「必須アクセサリー」 7 選"
n412b475bc95e,2026-08-21,31,233,4,0,"バーベキューを盛り上げる。タフな「大型スピーカー」 5 選"
n187d44d77ec6,2026-08-22,10,339,1,0,"運動不足を可視化。自分に合う「活動量計」の選び方 6 選"
ne8174c6cbacd,2026-08-23,10,200,2,0,"旅の記録を自動化。GPS ロガーと「カメラ連携ギア」5 選"
n4e1806a141ad,2026-08-24,18,136,4,0,"車中泊で仕事。車内を快適にする「インバーター」 6 選"
n382c87b36cf8,2026-08-25,25,197,4,0,"海外コンセントに対応。全世界対応「変換プラグ」 5 選"
n7e7687c7241c,2026-08-26,10,179,3,0,"夏バテを計測。自律神経を整える「最新デバイス」 5 選"
n44a925126c2a,2026-08-27,9,162,3,0,"旅行の防犯。スキミングを防ぐ「RFID ブロッキングウォレット」 6 選"
nd8c3d2084325,2026-08-28,4,92,1,0,"スポーツの秋に向けて。ジムで使いたい「時計とイヤホン」 7 選"
n0d7a35992782,2026-08-29,11,52,1,0,"ホテルの Wi-Fi を高速化。有線 LAN「変換ルーター」 5 選"
n495752c6c322,2026-08-30,16,74,1,0,"涼しくなったら走り出す。最新「ランニングウォッチ」 6 選"
n9fe05b6b9113,2026-08-31,0,37,2,0,"8 月のベストバイ。買ってよかった「夏の終わりギア」 8 選"
